tools,With,total_produce_time(s),avg_produce_time(s)
confluent_kafka,multi process single thread,2.018606185913086,1.6821718215942384e-05
confluent_kafka,multi process single thread,2.1224684715270996,1.768723726272583e-05
kafka,multi process single thread,6.867180824279785,5.6167744878047026e-05
kafka,multi process single thread,6.845581769943237,5.637982333854864e-05
pykafka,multi process single thread,6.237857103347778,5.1552538044196514e-05
pykafka,multi process single thread,6.246153354644775,5.1621102104502275e-05
